{
  "parent": "minecraft:item/generated",
  "textures": {
    "layer0": "minecraft:item/suspicious_stew"
  },
"overrides": [
{"predicate": {"nbt": {"Effects": [{"EffectId": 16}]}}, "model": "item/night_vision"},

{"predicate": {"nbt": {"Effects": [{"EffectId": 12}]}}, "model": "item/fire_resistance"},

{"predicate": {"nbt": {"Effects": [{"EffectId": 15}]}}, "model": "item/blindness"},
{"predicate": {"entity": {"hand": "either"}, "nbt": {"Effects": [{"EffectId": 15}]}}, "model": "item/blindness_noverlay"},

{"predicate": {"nbt": {"Effects": [{"EffectId": 8}]}}, "model": "item/jump_boost"},
{"predicate": {"entity": {"hand": "either"}, "nbt": {"Effects": [{"EffectId": 8}]}}, "model": "item/jump_boost_noverlay"},

{"predicate": {"nbt": {"Effects": [{"EffectId": 18}]}}, "model": "item/weakness"},
{"predicate": {"entity": {"hand": "either"}, "nbt": {"Effects": [{"EffectId": 18}]}}, "model": "item/weakness_noverlay"},

{"predicate": {"nbt": {"Effects": [{"EffectId": 19}]}}, "model": "item/poison"},
{"predicate": {"entity": {"hand": "either"}, "nbt": {"Effects": [{"EffectId": 19}]}}, "model": "item/poison_noverlay"},

{"predicate": {"nbt": {"Effects": [{"EffectId": 20}]}}, "model": "item/wither"},
{"predicate": {"entity": {"hand": "either"}, "nbt": {"Effects": [{"EffectId": 20}]}}, "model": "item/wither_noverlay"},

{"predicate": {"nbt": {"Effects": [{"EffectId": 10}]}}, "model": "item/regeneration"},
{"predicate": {"entity": {"hand": "either"}, "nbt": {"Effects": [{"EffectId": 10}]}}, "model": "item/regeneration_noverlay"},

{"predicate": {"nbt": {"Effects": [{"EffectId": 23}]}}, "model": "item/saturation"}
]}